"file","key","present","line"
".env","EXPO_PUBLIC_AMPLIFY_IDENTITY_POOL_ID","False",
".env.development","EXPO_PUBLIC_AMPLIFY_IDENTITY_POOL_ID","False",
".env.local","EXPO_PUBLIC_AMPLIFY_IDENTITY_POOL_ID","False",
".env.production","EXPO_PUBLIC_AMPLIFY_IDENTITY_POOL_ID","False",
".env.staging","EXPO_PUBLIC_AMPLIFY_IDENTITY_POOL_ID","False",
".env","EXPO_PUBLIC_AMPLIFY_REGION","False",
".env.development","EXPO_PUBLIC_AMPLIFY_REGION","False",
".env.local","EXPO_PUBLIC_AMPLIFY_REGION","False",
".env.production","EXPO_PUBLIC_AMPLIFY_REGION","False",
".env.staging","EXPO_PUBLIC_AMPLIFY_REGION","False",
".env","EXPO_PUBLIC_AMPLIFY_USER_POOL_ID","False",
".env.development","EXPO_PUBLIC_AMPLIFY_USER_POOL_ID","False",
".env.local","EXPO_PUBLIC_AMPLIFY_USER_POOL_ID","False",
".env.production","EXPO_PUBLIC_AMPLIFY_USER_POOL_ID","False",
".env.staging","EXPO_PUBLIC_AMPLIFY_USER_POOL_ID","False",
".env","EXPO_PUBLIC_AMPLIFY_USER_POOL_WEB_CLIENT_ID","False",
".env.development","EXPO_PUBLIC_AMPLIFY_USER_POOL_WEB_CLIENT_ID","False",
".env.local","EXPO_PUBLIC_AMPLIFY_USER_POOL_WEB_CLIENT_ID","False",
".env.production","EXPO_PUBLIC_AMPLIFY_USER_POOL_WEB_CLIENT_ID","False",
".env.staging","EXPO_PUBLIC_AMPLIFY_USER_POOL_WEB_CLIENT_ID","False",
".env","EXPO_PUBLIC_API_BASE_URL","True","16"
".env.development","EXPO_PUBLIC_API_BASE_URL","True","2"
".env.local","EXPO_PUBLIC_API_BASE_URL","False",
".env.production","EXPO_PUBLIC_API_BASE_URL","False",
".env.staging","EXPO_PUBLIC_API_BASE_URL","False",
".env","EXPO_PUBLIC_AUTH_DEBUG","False",
".env.development","EXPO_PUBLIC_AUTH_DEBUG","False",
".env.local","EXPO_PUBLIC_AUTH_DEBUG","False",
".env.production","EXPO_PUBLIC_AUTH_DEBUG","False",
".env.staging","EXPO_PUBLIC_AUTH_DEBUG","False",
".env","EXPO_PUBLIC_AUTH_PROVIDER","False",
".env.development","EXPO_PUBLIC_AUTH_PROVIDER","False",
".env.local","EXPO_PUBLIC_AUTH_PROVIDER","False",
".env.production","EXPO_PUBLIC_AUTH_PROVIDER","False",
".env.staging","EXPO_PUBLIC_AUTH_PROVIDER","False",
".env","EXPO_PUBLIC_AWS_COGNITO_REGION","True","10"
".env.development","EXPO_PUBLIC_AWS_COGNITO_REGION","False",
".env.local","EXPO_PUBLIC_AWS_COGNITO_REGION","False",
".env.production","EXPO_PUBLIC_AWS_COGNITO_REGION","False",
".env.staging","EXPO_PUBLIC_AWS_COGNITO_REGION","False",
".env","EXPO_PUBLIC_AWS_IDENTITY_POOL_ID","False",
".env.development","EXPO_PUBLIC_AWS_IDENTITY_POOL_ID","False",
".env.local","EXPO_PUBLIC_AWS_IDENTITY_POOL_ID","False",
".env.production","EXPO_PUBLIC_AWS_IDENTITY_POOL_ID","False",
".env.staging","EXPO_PUBLIC_AWS_IDENTITY_POOL_ID","False",
".env","EXPO_PUBLIC_AWS_REGION","True","9"
".env.development","EXPO_PUBLIC_AWS_REGION","False",
".env.local","EXPO_PUBLIC_AWS_REGION","False",
".env.production","EXPO_PUBLIC_AWS_REGION","False",
".env.staging","EXPO_PUBLIC_AWS_REGION","False",
".env","EXPO_PUBLIC_AWS_USER_POOL","False",
".env.development","EXPO_PUBLIC_AWS_USER_POOL","False",
".env.local","EXPO_PUBLIC_AWS_USER_POOL","False",
".env.production","EXPO_PUBLIC_AWS_USER_POOL","False",
".env.staging","EXPO_PUBLIC_AWS_USER_POOL","False",
".env","EXPO_PUBLIC_AWS_USER_POOL_ID","True","11"
".env.development","EXPO_PUBLIC_AWS_USER_POOL_ID","False",
".env.local","EXPO_PUBLIC_AWS_USER_POOL_ID","False",
".env.production","EXPO_PUBLIC_AWS_USER_POOL_ID","False",
".env.staging","EXPO_PUBLIC_AWS_USER_POOL_ID","False",
".env","EXPO_PUBLIC_AWS_USER_POOL_WEB_CLIENT_ID","True","12"
".env.development","EXPO_PUBLIC_AWS_USER_POOL_WEB_CLIENT_ID","False",
".env.local","EXPO_PUBLIC_AWS_USER_POOL_WEB_CLIENT_ID","False",
".env.production","EXPO_PUBLIC_AWS_USER_POOL_WEB_CLIENT_ID","False",
".env.staging","EXPO_PUBLIC_AWS_USER_POOL_WEB_CLIENT_ID","False",
".env","EXPO_PUBLIC_BILLING_VERIFY_URL","False",
".env.development","EXPO_PUBLIC_BILLING_VERIFY_URL","False",
".env.local","EXPO_PUBLIC_BILLING_VERIFY_URL","False",
".env.production","EXPO_PUBLIC_BILLING_VERIFY_URL","False",
".env.staging","EXPO_PUBLIC_BILLING_VERIFY_URL","False",
".env","EXPO_PUBLIC_CANONICAL_AUTH_PROVIDER","False",
".env.development","EXPO_PUBLIC_CANONICAL_AUTH_PROVIDER","False",
".env.local","EXPO_PUBLIC_CANONICAL_AUTH_PROVIDER","False",
".env.production","EXPO_PUBLIC_CANONICAL_AUTH_PROVIDER","False",
".env.staging","EXPO_PUBLIC_CANONICAL_AUTH_PROVIDER","False",
".env","EXPO_PUBLIC_DEV_FORCE_NO_AUTH","False",
".env.development","EXPO_PUBLIC_DEV_FORCE_NO_AUTH","False",
".env.local","EXPO_PUBLIC_DEV_FORCE_NO_AUTH","False",
".env.production","EXPO_PUBLIC_DEV_FORCE_NO_AUTH","False",
".env.staging","EXPO_PUBLIC_DEV_FORCE_NO_AUTH","False",
".env","EXPO_PUBLIC_DEV_MODE","False",
".env.development","EXPO_PUBLIC_DEV_MODE","False",
".env.local","EXPO_PUBLIC_DEV_MODE","False",
".env.production","EXPO_PUBLIC_DEV_MODE","False",
".env.staging","EXPO_PUBLIC_DEV_MODE","False",
".env","EXPO_PUBLIC_DISABLE_FIREBASE","False",
".env.development","EXPO_PUBLIC_DISABLE_FIREBASE","False",
".env.local","EXPO_PUBLIC_DISABLE_FIREBASE","False",
".env.production","EXPO_PUBLIC_DISABLE_FIREBASE","False",
".env.staging","EXPO_PUBLIC_DISABLE_FIREBASE","False",
".env","EXPO_PUBLIC_DISABLE_LEGACY_SEGMENT_MAP","False",
".env.development","EXPO_PUBLIC_DISABLE_LEGACY_SEGMENT_MAP","False",
".env.local","EXPO_PUBLIC_DISABLE_LEGACY_SEGMENT_MAP","False",
".env.production","EXPO_PUBLIC_DISABLE_LEGACY_SEGMENT_MAP","False",
".env.staging","EXPO_PUBLIC_DISABLE_LEGACY_SEGMENT_MAP","False",
".env","EXPO_PUBLIC_DISABLE_PURCHASES","False",
".env.development","EXPO_PUBLIC_DISABLE_PURCHASES","False",
".env.local","EXPO_PUBLIC_DISABLE_PURCHASES","False",
".env.production","EXPO_PUBLIC_DISABLE_PURCHASES","False",
".env.staging","EXPO_PUBLIC_DISABLE_PURCHASES","False",
".env","EXPO_PUBLIC_DISABLE_SIMULATED_TOPUPS","False",
".env.development","EXPO_PUBLIC_DISABLE_SIMULATED_TOPUPS","False",
".env.local","EXPO_PUBLIC_DISABLE_SIMULATED_TOPUPS","False",
".env.production","EXPO_PUBLIC_DISABLE_SIMULATED_TOPUPS","False",
".env.staging","EXPO_PUBLIC_DISABLE_SIMULATED_TOPUPS","False",
".env","EXPO_PUBLIC_E2E_HOST_EMAIL","False",
".env.development","EXPO_PUBLIC_E2E_HOST_EMAIL","False",
".env.local","EXPO_PUBLIC_E2E_HOST_EMAIL","False",
".env.production","EXPO_PUBLIC_E2E_HOST_EMAIL","False",
".env.staging","EXPO_PUBLIC_E2E_HOST_EMAIL","False",
".env","EXPO_PUBLIC_E2E_HOST_PASSWORD","False",
".env.development","EXPO_PUBLIC_E2E_HOST_PASSWORD","False",
".env.local","EXPO_PUBLIC_E2E_HOST_PASSWORD","False",
".env.production","EXPO_PUBLIC_E2E_HOST_PASSWORD","False",
".env.staging","EXPO_PUBLIC_E2E_HOST_PASSWORD","False",
".env","EXPO_PUBLIC_E2E_LIVE","False",
".env.development","EXPO_PUBLIC_E2E_LIVE","False",
".env.local","EXPO_PUBLIC_E2E_LIVE","True","2"
".env.production","EXPO_PUBLIC_E2E_LIVE","False",
".env.staging","EXPO_PUBLIC_E2E_LIVE","False",
".env","EXPO_PUBLIC_E2E_LOGIN","False",
".env.development","EXPO_PUBLIC_E2E_LOGIN","False",
".env.local","EXPO_PUBLIC_E2E_LOGIN","True","1"
".env.production","EXPO_PUBLIC_E2E_LOGIN","False",
".env.staging","EXPO_PUBLIC_E2E_LOGIN","False",
".env","EXPO_PUBLIC_E2E_VIEWER_EMAIL","False",
".env.development","EXPO_PUBLIC_E2E_VIEWER_EMAIL","False",
".env.local","EXPO_PUBLIC_E2E_VIEWER_EMAIL","False",
".env.production","EXPO_PUBLIC_E2E_VIEWER_EMAIL","False",
".env.staging","EXPO_PUBLIC_E2E_VIEWER_EMAIL","False",
".env","EXPO_PUBLIC_E2E_VIEWER_PASSWORD","False",
".env.development","EXPO_PUBLIC_E2E_VIEWER_PASSWORD","False",
".env.local","EXPO_PUBLIC_E2E_VIEWER_PASSWORD","False",
".env.production","EXPO_PUBLIC_E2E_VIEWER_PASSWORD","False",
".env.staging","EXPO_PUBLIC_E2E_VIEWER_PASSWORD","False",
".env","EXPO_PUBLIC_ENABLE","False",
".env.development","EXPO_PUBLIC_ENABLE","False",
".env.local","EXPO_PUBLIC_ENABLE","False",
".env.production","EXPO_PUBLIC_ENABLE","False",
".env.staging","EXPO_PUBLIC_ENABLE","False",
".env","EXPO_PUBLIC_ENABLE_AMPLIFY","True","8"
".env.development","EXPO_PUBLIC_ENABLE_AMPLIFY","False",
".env.local","EXPO_PUBLIC_ENABLE_AMPLIFY","False",
".env.production","EXPO_PUBLIC_ENABLE_AMPLIFY","False",
".env.staging","EXPO_PUBLIC_ENABLE_AMPLIFY","False",
".env","EXPO_PUBLIC_ENABLE_ANALYTICS","False",
".env.development","EXPO_PUBLIC_ENABLE_ANALYTICS","False",
".env.local","EXPO_PUBLIC_ENABLE_ANALYTICS","False",
".env.production","EXPO_PUBLIC_ENABLE_ANALYTICS","False",
".env.staging","EXPO_PUBLIC_ENABLE_ANALYTICS","False",
".env","EXPO_PUBLIC_ENABLE_DEVTOOLS","False",
".env.development","EXPO_PUBLIC_ENABLE_DEVTOOLS","False",
".env.local","EXPO_PUBLIC_ENABLE_DEVTOOLS","False",
".env.production","EXPO_PUBLIC_ENABLE_DEVTOOLS","False",
".env.staging","EXPO_PUBLIC_ENABLE_DEVTOOLS","False",
".env","EXPO_PUBLIC_ENABLE_EXPO_VIDEO","False",
".env.development","EXPO_PUBLIC_ENABLE_EXPO_VIDEO","False",
".env.local","EXPO_PUBLIC_ENABLE_EXPO_VIDEO","False",
".env.production","EXPO_PUBLIC_ENABLE_EXPO_VIDEO","False",
".env.staging","EXPO_PUBLIC_ENABLE_EXPO_VIDEO","False",
".env","EXPO_PUBLIC_ENABLE_SOCIAL_AUTH","False",
".env.development","EXPO_PUBLIC_ENABLE_SOCIAL_AUTH","False",
".env.local","EXPO_PUBLIC_ENABLE_SOCIAL_AUTH","False",
".env.production","EXPO_PUBLIC_ENABLE_SOCIAL_AUTH","False",
".env.staging","EXPO_PUBLIC_ENABLE_SOCIAL_AUTH","False",
".env","EXPO_PUBLIC_ENABLE_STREAMING","True","5"
".env.development","EXPO_PUBLIC_ENABLE_STREAMING","False",
".env.local","EXPO_PUBLIC_ENABLE_STREAMING","False",
".env.production","EXPO_PUBLIC_ENABLE_STREAMING","False",
".env.staging","EXPO_PUBLIC_ENABLE_STREAMING","False",
".env","EXPO_PUBLIC_ENABLE_WITHDRAWALS","False",
".env.development","EXPO_PUBLIC_ENABLE_WITHDRAWALS","False",
".env.local","EXPO_PUBLIC_ENABLE_WITHDRAWALS","False",
".env.production","EXPO_PUBLIC_ENABLE_WITHDRAWALS","False",
".env.staging","EXPO_PUBLIC_ENABLE_WITHDRAWALS","False",
".env","EXPO_PUBLIC_FACEBOOK_APP_ID","False",
".env.development","EXPO_PUBLIC_FACEBOOK_APP_ID","False",
".env.local","EXPO_PUBLIC_FACEBOOK_APP_ID","False",
".env.production","EXPO_PUBLIC_FACEBOOK_APP_ID","False",
".env.staging","EXPO_PUBLIC_FACEBOOK_APP_ID","False",
".env","EXPO_PUBLIC_FIREBASE_","False",
".env.development","EXPO_PUBLIC_FIREBASE_","False",
".env.local","EXPO_PUBLIC_FIREBASE_","False",
".env.production","EXPO_PUBLIC_FIREBASE_","False",
".env.staging","EXPO_PUBLIC_FIREBASE_","False",
".env","EXPO_PUBLIC_FIREBASE_API_KEY","False",
".env.development","EXPO_PUBLIC_FIREBASE_API_KEY","False",
".env.local","EXPO_PUBLIC_FIREBASE_API_KEY","False",
".env.production","EXPO_PUBLIC_FIREBASE_API_KEY","False",
".env.staging","EXPO_PUBLIC_FIREBASE_API_KEY","False",
".env","EXPO_PUBLIC_FIREBASE_APP_ID","False",
".env.development","EXPO_PUBLIC_FIREBASE_APP_ID","False",
".env.local","EXPO_PUBLIC_FIREBASE_APP_ID","False",
".env.production","EXPO_PUBLIC_FIREBASE_APP_ID","False",
".env.staging","EXPO_PUBLIC_FIREBASE_APP_ID","False",
".env","EXPO_PUBLIC_FIREBASE_AUTH_DOMAIN","False",
".env.development","EXPO_PUBLIC_FIREBASE_AUTH_DOMAIN","False",
".env.local","EXPO_PUBLIC_FIREBASE_AUTH_DOMAIN","False",
".env.production","EXPO_PUBLIC_FIREBASE_AUTH_DOMAIN","False",
".env.staging","EXPO_PUBLIC_FIREBASE_AUTH_DOMAIN","False",
".env","EXPO_PUBLIC_FIREBASE_BRIDGE_BASE_URL","True","22"
".env.development","EXPO_PUBLIC_FIREBASE_BRIDGE_BASE_URL","False",
".env.local","EXPO_PUBLIC_FIREBASE_BRIDGE_BASE_URL","False",
".env.production","EXPO_PUBLIC_FIREBASE_BRIDGE_BASE_URL","False",
".env.staging","EXPO_PUBLIC_FIREBASE_BRIDGE_BASE_URL","False",
".env","EXPO_PUBLIC_FIREBASE_FUNCTIONS_BASE_URL","False",
".env.development","EXPO_PUBLIC_FIREBASE_FUNCTIONS_BASE_URL","False",
".env.local","EXPO_PUBLIC_FIREBASE_FUNCTIONS_BASE_URL","False",
".env.production","EXPO_PUBLIC_FIREBASE_FUNCTIONS_BASE_URL","False",
".env.staging","EXPO_PUBLIC_FIREBASE_FUNCTIONS_BASE_URL","False",
".env","EXPO_PUBLIC_FIREBASE_FUNCTIONS_REGION","False",
".env.development","EXPO_PUBLIC_FIREBASE_FUNCTIONS_REGION","False",
".env.local","EXPO_PUBLIC_FIREBASE_FUNCTIONS_REGION","False",
".env.production","EXPO_PUBLIC_FIREBASE_FUNCTIONS_REGION","False",
".env.staging","EXPO_PUBLIC_FIREBASE_FUNCTIONS_REGION","False",
".env","EXPO_PUBLIC_FIREBASE_JSON","False",
".env.development","EXPO_PUBLIC_FIREBASE_JSON","False",
".env.local","EXPO_PUBLIC_FIREBASE_JSON","False",
".env.production","EXPO_PUBLIC_FIREBASE_JSON","False",
".env.staging","EXPO_PUBLIC_FIREBASE_JSON","False",
".env","EXPO_PUBLIC_FIREBASE_MESSAGING_SENDER_ID","False",
".env.development","EXPO_PUBLIC_FIREBASE_MESSAGING_SENDER_ID","False",
".env.local","EXPO_PUBLIC_FIREBASE_MESSAGING_SENDER_ID","False",
".env.production","EXPO_PUBLIC_FIREBASE_MESSAGING_SENDER_ID","False",
".env.staging","EXPO_PUBLIC_FIREBASE_MESSAGING_SENDER_ID","False",
".env","EXPO_PUBLIC_FIREBASE_PROJECT_ID","False",
".env.development","EXPO_PUBLIC_FIREBASE_PROJECT_ID","False",
".env.local","EXPO_PUBLIC_FIREBASE_PROJECT_ID","False",
".env.production","EXPO_PUBLIC_FIREBASE_PROJECT_ID","False",
".env.staging","EXPO_PUBLIC_FIREBASE_PROJECT_ID","False",
".env","EXPO_PUBLIC_FIREBASE_RELAXED_AUTH","False",
".env.development","EXPO_PUBLIC_FIREBASE_RELAXED_AUTH","False",
".env.local","EXPO_PUBLIC_FIREBASE_RELAXED_AUTH","False",
".env.production","EXPO_PUBLIC_FIREBASE_RELAXED_AUTH","False",
".env.staging","EXPO_PUBLIC_FIREBASE_RELAXED_AUTH","False",
".env","EXPO_PUBLIC_FIREBASE_STORAGE_BUCKET","False",
".env.development","EXPO_PUBLIC_FIREBASE_STORAGE_BUCKET","False",
".env.local","EXPO_PUBLIC_FIREBASE_STORAGE_BUCKET","False",
".env.production","EXPO_PUBLIC_FIREBASE_STORAGE_BUCKET","False",
".env.staging","EXPO_PUBLIC_FIREBASE_STORAGE_BUCKET","False",
".env","EXPO_PUBLIC_FIREBASE_STRICT_AUTH","False",
".env.development","EXPO_PUBLIC_FIREBASE_STRICT_AUTH","False",
".env.local","EXPO_PUBLIC_FIREBASE_STRICT_AUTH","False",
".env.production","EXPO_PUBLIC_FIREBASE_STRICT_AUTH","False",
".env.staging","EXPO_PUBLIC_FIREBASE_STRICT_AUTH","False",
".env","EXPO_PUBLIC_FORCE_WEB_FIREBASE","False",
".env.development","EXPO_PUBLIC_FORCE_WEB_FIREBASE","False",
".env.local","EXPO_PUBLIC_FORCE_WEB_FIREBASE","False",
".env.production","EXPO_PUBLIC_FORCE_WEB_FIREBASE","False",
".env.staging","EXPO_PUBLIC_FORCE_WEB_FIREBASE","False",
".env","EXPO_PUBLIC_FUNCTIONS_BASE_URL","False",
".env.development","EXPO_PUBLIC_FUNCTIONS_BASE_URL","False",
".env.local","EXPO_PUBLIC_FUNCTIONS_BASE_URL","False",
".env.production","EXPO_PUBLIC_FUNCTIONS_BASE_URL","False",
".env.staging","EXPO_PUBLIC_FUNCTIONS_BASE_URL","False",
".env","EXPO_PUBLIC_GEMINI_API_KEY","True","2"
".env.development","EXPO_PUBLIC_GEMINI_API_KEY","False",
".env.local","EXPO_PUBLIC_GEMINI_API_KEY","False",
".env.production","EXPO_PUBLIC_GEMINI_API_KEY","False",
".env.staging","EXPO_PUBLIC_GEMINI_API_KEY","False",
".env","EXPO_PUBLIC_GEMINI_API_URL","False",
".env.development","EXPO_PUBLIC_GEMINI_API_URL","False",
".env.local","EXPO_PUBLIC_GEMINI_API_URL","False",
".env.production","EXPO_PUBLIC_GEMINI_API_URL","False",
".env.staging","EXPO_PUBLIC_GEMINI_API_URL","False",
".env","EXPO_PUBLIC_GIT_SHA","False",
".env.development","EXPO_PUBLIC_GIT_SHA","False",
".env.local","EXPO_PUBLIC_GIT_SHA","False",
".env.production","EXPO_PUBLIC_GIT_SHA","False",
".env.staging","EXPO_PUBLIC_GIT_SHA","False",
".env","EXPO_PUBLIC_GOOGLE_CLIENT_ID","False",
".env.development","EXPO_PUBLIC_GOOGLE_CLIENT_ID","False",
".env.local","EXPO_PUBLIC_GOOGLE_CLIENT_ID","False",
".env.production","EXPO_PUBLIC_GOOGLE_CLIENT_ID","False",
".env.staging","EXPO_PUBLIC_GOOGLE_CLIENT_ID","False",
".env","EXPO_PUBLIC_GOOGLE_WEB_CLIENT_ID","False",
".env.development","EXPO_PUBLIC_GOOGLE_WEB_CLIENT_ID","False",
".env.local","EXPO_PUBLIC_GOOGLE_WEB_CLIENT_ID","False",
".env.production","EXPO_PUBLIC_GOOGLE_WEB_CLIENT_ID","False",
".env.staging","EXPO_PUBLIC_GOOGLE_WEB_CLIENT_ID","False",
".env","EXPO_PUBLIC_IVS_DEFAULT_CHANNEL_ARN","False",
".env.development","EXPO_PUBLIC_IVS_DEFAULT_CHANNEL_ARN","False",
".env.local","EXPO_PUBLIC_IVS_DEFAULT_CHANNEL_ARN","False",
".env.production","EXPO_PUBLIC_IVS_DEFAULT_CHANNEL_ARN","False",
".env.staging","EXPO_PUBLIC_IVS_DEFAULT_CHANNEL_ARN","False",
".env","EXPO_PUBLIC_IVS_DEFAULT_STAGE_ARN","False",
".env.development","EXPO_PUBLIC_IVS_DEFAULT_STAGE_ARN","False",
".env.local","EXPO_PUBLIC_IVS_DEFAULT_STAGE_ARN","False",
".env.production","EXPO_PUBLIC_IVS_DEFAULT_STAGE_ARN","False",
".env.staging","EXPO_PUBLIC_IVS_DEFAULT_STAGE_ARN","False",
".env","EXPO_PUBLIC_IVS_DEV_BYPASS","True","26"
".env.development","EXPO_PUBLIC_IVS_DEV_BYPASS","False",
".env.local","EXPO_PUBLIC_IVS_DEV_BYPASS","False",
".env.production","EXPO_PUBLIC_IVS_DEV_BYPASS","False",
".env.staging","EXPO_PUBLIC_IVS_DEV_BYPASS","False",
".env","EXPO_PUBLIC_IVS_PLAYBACK_BASE_URL","False",
".env.development","EXPO_PUBLIC_IVS_PLAYBACK_BASE_URL","False",
".env.local","EXPO_PUBLIC_IVS_PLAYBACK_BASE_URL","False",
".env.production","EXPO_PUBLIC_IVS_PLAYBACK_BASE_URL","False",
".env.staging","EXPO_PUBLIC_IVS_PLAYBACK_BASE_URL","False",
".env","EXPO_PUBLIC_IVS_PREFLIGHT_ENABLED","False",
".env.development","EXPO_PUBLIC_IVS_PREFLIGHT_ENABLED","False",
".env.local","EXPO_PUBLIC_IVS_PREFLIGHT_ENABLED","False",
".env.production","EXPO_PUBLIC_IVS_PREFLIGHT_ENABLED","False",
".env.staging","EXPO_PUBLIC_IVS_PREFLIGHT_ENABLED","False",
".env","EXPO_PUBLIC_IVS_REGION","True","30"
".env.development","EXPO_PUBLIC_IVS_REGION","True","5"
".env.local","EXPO_PUBLIC_IVS_REGION","False",
".env.production","EXPO_PUBLIC_IVS_REGION","False",
".env.staging","EXPO_PUBLIC_IVS_REGION","False",
".env","EXPO_PUBLIC_LIVE_SERVICE_URL","True","19"
".env.development","EXPO_PUBLIC_LIVE_SERVICE_URL","True","4"
".env.local","EXPO_PUBLIC_LIVE_SERVICE_URL","False",
".env.production","EXPO_PUBLIC_LIVE_SERVICE_URL","False",
".env.staging","EXPO_PUBLIC_LIVE_SERVICE_URL","False",
".env","EXPO_PUBLIC_LOG_LEVEL","False",
".env.development","EXPO_PUBLIC_LOG_LEVEL","False",
".env.local","EXPO_PUBLIC_LOG_LEVEL","False",
".env.production","EXPO_PUBLIC_LOG_LEVEL","False",
".env.staging","EXPO_PUBLIC_LOG_LEVEL","False",
".env","EXPO_PUBLIC_LOG_TRACE","False",
".env.development","EXPO_PUBLIC_LOG_TRACE","False",
".env.local","EXPO_PUBLIC_LOG_TRACE","False",
".env.production","EXPO_PUBLIC_LOG_TRACE","False",
".env.staging","EXPO_PUBLIC_LOG_TRACE","False",
".env","EXPO_PUBLIC_MANIFEST_ENABLED","False",
".env.development","EXPO_PUBLIC_MANIFEST_ENABLED","False",
".env.local","EXPO_PUBLIC_MANIFEST_ENABLED","False",
".env.production","EXPO_PUBLIC_MANIFEST_ENABLED","False",
".env.staging","EXPO_PUBLIC_MANIFEST_ENABLED","False",
".env","EXPO_PUBLIC_PLAYLIST_EXPERIMENT_ID","False",
".env.development","EXPO_PUBLIC_PLAYLIST_EXPERIMENT_ID","False",
".env.local","EXPO_PUBLIC_PLAYLIST_EXPERIMENT_ID","False",
".env.production","EXPO_PUBLIC_PLAYLIST_EXPERIMENT_ID","False",
".env.staging","EXPO_PUBLIC_PLAYLIST_EXPERIMENT_ID","False",
".env","EXPO_PUBLIC_PLAYLIST_VIEWER_ENABLED","False",
".env.development","EXPO_PUBLIC_PLAYLIST_VIEWER_ENABLED","False",
".env.local","EXPO_PUBLIC_PLAYLIST_VIEWER_ENABLED","False",
".env.production","EXPO_PUBLIC_PLAYLIST_VIEWER_ENABLED","False",
".env.staging","EXPO_PUBLIC_PLAYLIST_VIEWER_ENABLED","False",
".env","EXPO_PUBLIC_PREFER_FIREBASE_AUTH","False",
".env.development","EXPO_PUBLIC_PREFER_FIREBASE_AUTH","False",
".env.local","EXPO_PUBLIC_PREFER_FIREBASE_AUTH","False",
".env.production","EXPO_PUBLIC_PREFER_FIREBASE_AUTH","False",
".env.staging","EXPO_PUBLIC_PREFER_FIREBASE_AUTH","False",
".env","EXPO_PUBLIC_REQUIRE_SERVER_RECEIPT_VALIDATION","False",
".env.development","EXPO_PUBLIC_REQUIRE_SERVER_RECEIPT_VALIDATION","False",
".env.local","EXPO_PUBLIC_REQUIRE_SERVER_RECEIPT_VALIDATION","False",
".env.production","EXPO_PUBLIC_REQUIRE_SERVER_RECEIPT_VALIDATION","False",
".env.staging","EXPO_PUBLIC_REQUIRE_SERVER_RECEIPT_VALIDATION","False",
".env","EXPO_PUBLIC_SAFE_MODE","False",
".env.development","EXPO_PUBLIC_SAFE_MODE","False",
".env.local","EXPO_PUBLIC_SAFE_MODE","False",
".env.production","EXPO_PUBLIC_SAFE_MODE","False",
".env.staging","EXPO_PUBLIC_SAFE_MODE","False",
".env","EXPO_PUBLIC_SENTRY_DSN","False",
".env.development","EXPO_PUBLIC_SENTRY_DSN","False",
".env.local","EXPO_PUBLIC_SENTRY_DSN","False",
".env.production","EXPO_PUBLIC_SENTRY_DSN","False",
".env.staging","EXPO_PUBLIC_SENTRY_DSN","False",
".env","EXPO_PUBLIC_STREAMING_BACKEND","True","29"
".env.development","EXPO_PUBLIC_STREAMING_BACKEND","True","3"
".env.local","EXPO_PUBLIC_STREAMING_BACKEND","False",
".env.production","EXPO_PUBLIC_STREAMING_BACKEND","False",
".env.staging","EXPO_PUBLIC_STREAMING_BACKEND","False",
".env","EXPO_PUBLIC_SUPABASE_ANON_KEY","False",
".env.development","EXPO_PUBLIC_SUPABASE_ANON_KEY","False",
".env.local","EXPO_PUBLIC_SUPABASE_ANON_KEY","False",
".env.production","EXPO_PUBLIC_SUPABASE_ANON_KEY","False",
".env.staging","EXPO_PUBLIC_SUPABASE_ANON_KEY","False",
".env","EXPO_PUBLIC_SUPABASE_URL","False",
".env.development","EXPO_PUBLIC_SUPABASE_URL","False",
".env.local","EXPO_PUBLIC_SUPABASE_URL","False",
".env.production","EXPO_PUBLIC_SUPABASE_URL","False",
".env.staging","EXPO_PUBLIC_SUPABASE_URL","False",
".env","EXPO_PUBLIC_USE_LIVE_SERVICE_WALLET","False",
".env.development","EXPO_PUBLIC_USE_LIVE_SERVICE_WALLET","False",
".env.local","EXPO_PUBLIC_USE_LIVE_SERVICE_WALLET","False",
".env.production","EXPO_PUBLIC_USE_LIVE_SERVICE_WALLET","False",
".env.staging","EXPO_PUBLIC_USE_LIVE_SERVICE_WALLET","False",
".env","EXPO_PUBLIC_USE_NATIVE_FIREBASE","False",
".env.development","EXPO_PUBLIC_USE_NATIVE_FIREBASE","False",
".env.local","EXPO_PUBLIC_USE_NATIVE_FIREBASE","False",
".env.production","EXPO_PUBLIC_USE_NATIVE_FIREBASE","False",
".env.staging","EXPO_PUBLIC_USE_NATIVE_FIREBASE","False",
".env","EXPO_PUBLIC_USER_POOL_WEB_CLIENT_ID","False",
".env.development","EXPO_PUBLIC_USER_POOL_WEB_CLIENT_ID","False",
".env.local","EXPO_PUBLIC_USER_POOL_WEB_CLIENT_ID","False",
".env.production","EXPO_PUBLIC_USER_POOL_WEB_CLIENT_ID","False",
".env.staging","EXPO_PUBLIC_USER_POOL_WEB_CLIENT_ID","False",
